{"cameraMode":{"drawMode":0,"name":"Shaded","section":"Shading Mode"},"sceneLighting":true,"audioPlay":false,"sceneViewState":{"m_AlwaysRefresh":false,"showFog":true,"showSkybox":true,"showFlares":true,"showImageEffects":true,"showParticleSystems":true,"showVisualEffectGraphs":true,"m_FxEnabled":true},"in2DMode":false,"pivot":{"x":-1.0433800220489503,"y":2.31257700920105,"z":-3.3122565746307375},"rotation":{"x":0.0074995155446231369,"y":-0.010499432682991028,"z":0.00007879111944930628,"w":0.9999182820320129},"size":16.17747688293457,"orthographic":false}