{"cameraMode":{"drawMode":0,"name":"Shaded","section":"Shading Mode"},"sceneLighting":false,"audioPlay":false,"sceneViewState":{"m_AlwaysRefresh":false,"showFog":true,"showSkybox":false,"showFlares":true,"showImageEffects":true,"showParticleSystems":true,"showVisualEffectGraphs":true,"m_FxEnabled":true},"in2DMode":false,"pivot":{"x":1.5653862953186036,"y":-2.1707024574279787,"z":11.814184188842774},"rotation":{"x":0.1299618035554886,"y":0.05054474249482155,"z":-0.006636033300310373,"w":0.9902170896530151},"size":9.091998100280762,"orthographic":false}